[
  {
    "id": "db01a587-b741-4abb-84e9-16974f08f47f",
    "data": [
      {
        "text": "bye bye",
        "userDefined": false
      }
    ],
    "isTemplate": false,
    "count": 0,
    "updated": 1527228479
  },
  {
    "id": "9b74a0f7-a80b-406a-8c96-4514b7399027",
    "data": [
      {
        "text": "done",
        "userDefined": false
      }
    ],
    "isTemplate": false,
    "count": 0,
    "updated": 1527058106
  },
  {
    "id": "7638bcc1-d38b-486d-b4c6-0474254ecee0",
    "data": [
      {
        "text": "all done",
        "userDefined": false
      }
    ],
    "isTemplate": false,
    "count": 0,
    "updated": 1527058106
  },
  {
    "id": "4019a814-66d3-4c92-b806-61c1a93b25ee",
    "data": [
      {
        "text": "later",
        "userDefined": false
      }
    ],
    "isTemplate": false,
    "count": 0,
    "updated": 1527058106
  },
  {
    "id": "dd85b189-954b-4f7e-a173-34039a390866",
    "data": [
      {
        "text": "cherio",
        "userDefined": false
      }
    ],
    "isTemplate": false,
    "count": 0,
    "updated": 1527058106
  },
  {
    "id": "a2c70b9d-d99a-4f6e-855d-2c9c9f25c360",
    "data": [
      {
        "text": "bye",
        "userDefined": false
      }
    ],
    "isTemplate": false,
    "count": 0,
    "updated": 1527058106
  },
  {
    "id": "3ad721f2-4852-44f8-9d53-8f35ed7f021f",
    "data": [
      {
        "text": "i\u0027m out of here!",
        "userDefined": false
      }
    ],
    "isTemplate": false,
    "count": 0,
    "updated": 1527058106
  },
  {
    "id": "dc658d72-d57c-4fcb-a224-ddb333771f22",
    "data": [
      {
        "text": "see you later",
        "userDefined": false
      }
    ],
    "isTemplate": false,
    "count": 0,
    "updated": 1527058106
  },
  {
    "id": "52ebdd93-708f-4839-89b8-13e4cc6c5b2d",
    "data": [
      {
        "text": "Goodbye",
        "userDefined": false
      }
    ],
    "isTemplate": false,
    "count": 0,
    "updated": 1527058106
  }
]