[
  {
    "id": "5247d22a-f43a-478e-9e94-bfc3fe6f49bb",
    "data": [
      {
        "text": "what episodes are there",
        "userDefined": false
      }
    ],
    "isTemplate": false,
    "count": 0,
    "updated": 1527138872
  },
  {
    "id": "081a444a-bbd0-4f69-90a6-a41a3a47ea00",
    "data": [
      {
        "text": "what are the episode names",
        "userDefined": false
      }
    ],
    "isTemplate": false,
    "count": 0,
    "updated": 1527138872
  },
  {
    "id": "7ff801e5-696c-4223-b5a1-aaf187abc76c",
    "data": [
      {
        "text": "list episodes",
        "userDefined": false
      }
    ],
    "isTemplate": false,
    "count": 0,
    "updated": 1527138872
  },
  {
    "id": "a6a67de9-e05a-4144-931e-1fca0b5f3e59",
    "data": [
      {
        "text": "show all episodes",
        "userDefined": false
      }
    ],
    "isTemplate": false,
    "count": 0,
    "updated": 1527138872
  }
]