[
  {
    "id": "e1bf0c4a-f3f4-416b-85f9-c2fed31ece0e",
    "data": [
      {
        "text": "tell me a bible verse I have not previously heard",
        "userDefined": false
      }
    ],
    "isTemplate": false,
    "count": 0,
    "updated": 1528078976
  },
  {
    "id": "496c7d3e-7f25-443b-9efd-4820591431f9",
    "data": [
      {
        "text": "new bible verse",
        "userDefined": false
      }
    ],
    "isTemplate": false,
    "count": 0,
    "updated": 1528078976
  },
  {
    "id": "657febf0-bc6a-434a-a297-4f9ab1226d91",
    "data": [
      {
        "text": "tell me something new",
        "userDefined": false
      }
    ],
    "isTemplate": false,
    "count": 0,
    "updated": 1528078976
  },
  {
    "id": "98dec0ce-dbe6-455a-8202-226a9b667e30",
    "data": [
      {
        "text": "tell me a new bible verse",
        "userDefined": false
      }
    ],
    "isTemplate": false,
    "count": 0,
    "updated": 1528078976
  },
  {
    "id": "d6053bba-945a-439d-9297-66c140ad148c",
    "data": [
      {
        "text": "new verse",
        "userDefined": false
      }
    ],
    "isTemplate": false,
    "count": 0,
    "updated": 1528078976
  },
  {
    "id": "904cd56e-1d65-4b07-a50a-268c9a22365b",
    "data": [
      {
        "text": "Tell me something i have not heard before",
        "userDefined": false
      }
    ],
    "isTemplate": false,
    "count": 0,
    "updated": 1528078976
  }
]