[
  {
    "value": "11",
    "synonyms": [
      "11",
      "eleven",
      "Temptation"
    ]
  },
  {
    "value": "1",
    "synonyms": [
      "1",
      "one",
      "Friendship"
    ]
  },
  {
    "value": "7",
    "synonyms": [
      "7",
      "seven",
      "Forgiveness"
    ]
  },
  {
    "value": "9",
    "synonyms": [
      "9",
      "nine",
      "Standing Firm"
    ]
  },
  {
    "value": "5",
    "synonyms": [
      "5",
      "five",
      "Perseverance"
    ]
  },
  {
    "value": "3",
    "synonyms": [
      "3",
      "three",
      "Encouragement"
    ]
  },
  {
    "value": "2",
    "synonyms": [
      "2",
      "two",
      "Good Thoughts"
    ]
  },
  {
    "value": "10",
    "synonyms": [
      "10",
      "ten",
      "Respect"
    ]
  },
  {
    "value": "4",
    "synonyms": [
      "4",
      "four",
      "Protection"
    ]
  },
  {
    "value": "6",
    "synonyms": [
      "6",
      "six",
      "Individuality"
    ]
  },
  {
    "value": "8",
    "synonyms": [
      "8",
      "eight",
      "Anxiousness"
    ]
  },
  {
    "value": "13",
    "synonyms": [
      "13",
      "thirteen",
      "Fruits",
      "Fruits of the spirit",
      "Spirit",
      "finale",
      "conclusion"
    ]
  },
  {
    "value": "12",
    "synonyms": [
      "12",
      "twelve",
      "Burning Coals"
    ]
  }
]